Id,Sentiment,Text Tweet,processed_text,tokens_str
1,positive,<USER_MENTION> #BOIKOT_<PROVIDER_NAME> Gunakan Produk Bangsa Sendiri <PROVIDER_NAME>,boikot provider guna produk bangsa sendiri provider,boikot provider guna produk bangsa sendiri provider
2,positive,"Saktinya balik lagi, alhamdulillah :v <PROVIDER_NAME>",sakti balik alhamdulillah v provider,sakti balik alhamdulillah provider
3,negative,Selamat pagi <PROVIDER_NAME>  bisa bantu kenapa di dalam kamar sinyal 4G hilang yang 1 lagi panggilan darurat saja  <URL>,selamat pagi provider bantu di kamar sinyal g hilang panggil darurat,selamat pagi provider bantu di kamar sinyal hilang panggil darurat
4,negative,Dear <PROVIDER_NAME> akhir2 ini jaringan data lemot banget padahal H+ !!!!,dear provider akhir jaring data lot banget padahal h,dear provider akhir jaring data lot banget padahal
5,negative,Selamat malam PENDUSTA <PROVIDER_NAME> ,selamat malam dusta provider,selamat malam dusta provider
6,negative,Untuk penembakan paket dari <PRODUCT_NAME> masih gangguan ya <PROVIDER_NAME>,tembak paket produk ganggu provider,tembak paket produk ganggu provider
7,positive,"<PROVIDER_NAME>  aku pakai <PROVIDER_NAME>, paket <PRODUCT_NAME> nya udah off tapi gantinya ada paket <PRODUCT_NAME> yg bisa gratisan youtube, senang banget <PROVIDER_NAME>",provider aku pakai provider paket produk nya udah off ganti paket produk yg gratis youtube senang banget provider,provider aku pakai provider paket produk nya udah off ganti paket produk yg gratis youtube senang banget provider
8,negative,RT <USER_MENTION>: <PROVIDER_NAME> tak ada lagi dalam kamus perhapean saya. #Boikot<PROVIDER_NAME> <URL>,provider tak lagi kamus perhapean boikotprovider,provider tak lagi kamus perhapean boikotprovider
9,negative,keluhan gak ditanggapi. bikin emosi aja. pulsaku dicuri terus. soak deh. masa setiap hari pulsa berkurang 1500-2100 bisa 2-3*/hari,keluh gak tanggap bikin emosi aja pulsa curi terus soak deh masa hari pulsa kurang hari,keluh gak tanggap bikin emosi aja pulsa curi terus soak deh masa hari pulsa kurang hari
10,negative,#Bilboard iklan <PROVIDER_NAME> kok ada pesan tersembunyi? #Boikot<PROVIDER_NAME> #Ramadhan <URL>,bilboard iklan provider kok pesan sembunyi boikotprovider ramadhan,bilboard iklan provider kok pesan sembunyi boikotprovider ramadhan
11,negative,"<PROVIDER_NAME> mampus!!!!! bulan puasa, subuh2 mau sahur cek pulsa tersedot terus. dan sekarang sisa 30 ribu <PROVIDER_NAME> Tolong dibaca!!!",provider mampus bulan puasa subuh mau sahur cek pulsa sedot terus sekarang sisa ribu provider baca,provider mampus bulan puasa subuh mau sahur cek pulsa sedot terus sekarang sisa ribu provider baca
12,negative,<USER_MENTION> Pernah coba pakai <PROVIDER_NAME> tapi parah koneksinya ,pernah coba pakai provider parah koneksi,pernah coba pakai provider parah koneksi
13,negative,"Setuju, <USER_MENTION> silahkan boikot saja pelanggan <PROVIDER_NAME> pendukung #HRS <URL>",tuju silah boikot langgan provider dukung hrs,tuju silah boikot langgan provider dukung hrs
14,negative,"Dibela belain daftarin kartu 4G tunggu sejam siang2 sambil puasa, sampai rumah sinyal 4Gnya gak ada, adanya di kota!, <PROVIDER_NAME>",bela bain daftarin kartu g tunggu jam siang puasa rumah sinyal gnya gak ada kota provider,bela bain daftarin kartu tunggu jam siang puasa rumah sinyal gnya gak ada kota provider
15,negative,<PROVIDER_NAME> datanya kok sering hilang <PROVIDER_NAME>,provider data kok sering hilang provider,provider data kok sering hilang provider
16,negative,#internetlelet  <PROVIDER_NAME> ga sesuai iklan ,internetlelet provider ga sesuai iklan,internetlelet provider ga sesuai iklan
17,positive,<PROVIDER_NAME> <PROVIDER_NAME> kangen nih dapat kiriman pos marchandes nya <PROVIDER_NAME> langsung dari pak pos nya ,provider provider kangen nih kirim pos marchandes nya provider langsung pak pos nya,provider provider kangen nih kirim pos marchandes nya provider langsung pak pos nya
18,negative,"yang katanya 150MBPS kecepatanya cuma 3kbps, kuota full. Ga bisa buka google? Udah bikin nguras uang dan baterai… <URL>",kata mbps kecepatanya cuma kbps kuota full ga buka google udah bikin nguras uang baterai,kata mbps kecepatanya cuma kbps kuota full ga buka google udah bikin nguras uang baterai
19,negative,kuota #internet <PROVIDER_NAME> masih banyak tapi koneksi internetnya LAMBAT BANGET! #<PRODUCT_NAME> <PROVIDER_NAME> #4G #lte… <URL>,kuota internet provider banyak koneksi internetnya lambat banget produk provider g lte,kuota internet provider banyak koneksi internetnya lambat banget produk provider lte
20,negative,Ampun... Sinyal 4G <PROVIDER_NAME> lemot seperti siput. Acara live streaming jadi terganggu. Mundur terus <PROVIDER_NAME>,ampun sinyal g provider lot siput acara live streaming jadi ganggu mundur terus provider,ampun sinyal provider lot siput acara live streaming jadi ganggu mundur terus provider
21,negative,Jaringan <PROVIDER_NAME> di Nabire bagus? Itu hanya berita HOAX #HOAX <PROVIDER_NAME>,jaring provider nabire bagus hanya berita hoax hoax provider,jaring provider nabire bagus hanya berita hoax hoax provider
22,negative,Makin jelek jaringan di takalar <PROVIDER_NAME>,makin jelek jaring takalar provider,makin jelek jaring takalar provider
23,positive,Jadi stabil disini. <PROVIDER_NAME> <URL>,jadi stabil sini provider,jadi stabil sini provider
24,positive,#CUG <PROVIDER_NAME> #Community Sangat Cocok Buat Komunikasi Antar :. - Keluarga. - Rekan Bisnis / Kerja. - Sekolah / Kampus. - Hubungan Jarak.,cug provider community sangat cocok buat komunikasi antar keluarga rekan bisnis kerja sekolah kampus hubung jarak,cug provider community sangat cocok buat komunikasi antar keluarga rekan bisnis kerja sekolah kampus hubung jarak
25,negative,<PROVIDER_NAME> <PROVIDER_NAME> ini kualitas provider <PROVIDER_NAME> gangguan trouble mahal berhari2 #useless4g <URL>,provider provider kualitas provider provider ganggu trouble mahal hari useless g,provider provider kualitas provider provider ganggu trouble mahal hari useless
26,negative,<PROVIDER_NAME> <PRODUCT_NAME> sinyalnya tai...,provider produk sinyal tai,provider produk sinyal tai
27,negative,Jaringan internet <PROVIDER_NAME> di sumba timur parah....,jaring internet provider sumba timur parah,jaring internet provider sumba timur parah
28,negative,"Dengan ajaib kuota hilang, usage diberikan bahkan bukti penggunaan tidak melebihi batas. <URL>",ajaib kuota hilang usage beri bahkan bukti guna lebih batas,ajaib kuota hilang usage beri bahkan bukti guna lebih batas
29,negative,"Bertahun tahun pakai <PROVIDER_NAME>. Masa aktif sampai 2018 karena seringnya ""bayar"" untuk dapat pelayanan yang memuaskan",tahun tahun pakai provider masa aktif sering bayar dapat layan muas,tahun tahun pakai provider masa aktif sering bayar dapat layan muas
30,negative,cepat banget data <PROVIDER_NAME> habis <URL>,cepat banget data provider habis,cepat banget data provider habis
31,negative,<USER_MENTION>: Apa gak kurang tolol namanya. <PROVIDER_NAME> provider gak ada urusan sama semua Chat App! ,apa gak kurang tolol nama provider provider gak urus sama semua chat app,apa gak kurang tolol nama provider provider gak urus sama semua chat app
32,negative,"mungkin <PROVIDER_NAME> benar, berarti tinggal #whatsappNotSave <URL>",mungkin provider benar arti tinggal whatsappnotsave,mungkin provider benar arti tinggal whatsappnotsave
33,positive,"Hore,,, Akhirnya ada sinyal 4G <PROVIDER_NAME> di Sambu",hore akhir sinyal g provider sambu,hore akhir sinyal provider sambu
34,positive,Alhamdulilah dikunjungi para vendor mitra <PROVIDER_NAME> ke #klinikKUMSda… <URL>,alhamdulilah kunjung vendor mitra provider klinikkumsda,alhamdulilah kunjung vendor mitra provider klinikkumsda
35,negative,Terlambat ikut <PRODUCT_NAME>... Jelaslah jaringan <PROVIDER_NAME> lemot...,lambat ikut produk jelas jaring provider lot,lambat ikut produk jelas jaring provider lot
36,negative,"<PROVIDER_NAME> tega, Menyampaikan pesan kok suka telat,, bikin #BAPER",provider tega sampai pesan kok suka telat bikin baper,provider tega sampai pesan kok suka telat bikin baper
37,negative,Jaringan 4G kecepatan 2G <PROVIDER_NAME>,jaring g cepat g provider,jaring cepat provider
38,negative,Paket extra combo kok lemot ya <PROVIDER_NAME>,paket extra combo kok lot provider,paket extra combo kok lot provider
39,negative,Kenapa! Masa buka Facebook aja gak bisa <PROVIDER_NAME>,masa buka facebook aja gak provider,masa buka facebook aja gak provider
40,negative,"Rugi isi kuota <PROVIDER_NAME> jaringannya busuk banget, dirugikan ..",rugi isi kuota provider jaring busuk banget rugi,rugi isi kuota provider jaring busuk banget rugi
41,negative,solidaritas perlu.. tapi perasaan lebih penting lagi dari solidaritas.  ngomong dong <PROVIDER_NAME>,solidaritas perlu asa lebih penting dari solidaritas ngomong dong provider,solidaritas perlu asa lebih penting dari solidaritas ngomong dong provider
42,positive,<PROVIDER_NAME> 1berbagi tanpa kuota 2 berbagai kapan saja <PROVIDER_NAME> bagi berkah <USER_MENTION>,provider bagi kuota bagai kapan provider berkah,provider bagi kuota bagai kapan provider berkah
43,positive,"<PROVIDER_NAME> bagi berkah 1video ngabuburit dengan anak, video sahur bersama keluarga, video pakai baju koko baru, <USER_MENTION>",provider berkah video ngabuburit anak video sahur sama keluarga video pakai baju koko baru,provider berkah video ngabuburit anak video sahur sama keluarga video pakai baju koko baru
44,negative,Koneksi <PROVIDER_NAME> di daerah #sawojajar kota #malang seminggu ini lemot parah ? lagi gangguan kah? <PROVIDER_NAME>Care <PROVIDER_NAME>,koneksi provider daerah sawojajar kota malang minggu lot parah ganggu providercare provider,koneksi provider daerah sawojajar kota malang minggu lot parah ganggu providercare provider
45,positive,"Saya pakai <PROVIDER_NAME>, meski <PROVIDER_NAME> lebih greget dalam hal network and speed, setidaknya <PROVIDER_NAME> lebih irit buat anak kere seperti saya.",pakai provider meski provider lebih greget hal network and speed provider lebih irit buat anak kere saya,pakai provider meski provider lebih greget hal network and speed provider lebih irit buat anak kere saya
46,positive,#Boikot <PROVIDER_NAME> harusnya #boikot<PROVIDER_NAME> kartu mahal!. lebih bagus juga <PROVIDER_NAME>,boikot provider harus boikotprovider kartu mahal lebih bagus provider,boikot provider harus boikotprovider kartu mahal lebih bagus provider
47,positive,<PROVIDER_NAME> <PROVIDER_NAME> Berbagi berkah,provider provider bagi berkah,provider provider bagi berkah
48,negative,Baru isi kuota ... tapi baru 2 menit langsung habis kacau. <PROVIDER_NAME> <URL>,baru isi kuota baru menit langsung habis kacau provider,baru isi kuota baru menit langsung habis kacau provider
49,negative,Sinyalmu jelek banget sih akhir akhir ini <PROVIDER_NAME>,sinyal jelek banget sih akhir akhir provider,sinyal jelek banget sih akhir akhir provider
50,negative,#Boikot<PROVIDER_NAME> Pergerakan masif PKI dan antek2nya melalui iklan <PROVIDER_NAME>. Mari hancurkan PKI melalui #Boikot<PROVIDER_NAME>,boikotprovider gera masif pki antek nya lalu iklan provider hancur pki lalu boikotprovider,boikotprovider gera masif pki antek nya lalu iklan provider hancur pki lalu boikotprovider
51,positive,Alhamdulillah masih #setia dengan <PROVIDER_NAME>.. jangan menari di tabuhan gendang orang lain.. selamat isya dan tarawih... ,alhamdulillah setia provider jangan tari tabuhan gendang orang selamat isya tarawih,alhamdulillah setia provider jangan tari tabuhan gendang orang selamat isya tarawih
52,negative,"Aku kira diganti pulsaku. udah komplain sana sini, kok cuma php, <PROVIDER_NAME>",aku kira ganti pulsa udah komplain sana sini kok cuma php provider,aku kira ganti pulsa udah komplain sana sini kok cuma php provider
53,negative,Sinyalmu kenapa <PROVIDER_NAME>,sinyal provider,sinyal provider
54,negative,<PROVIDER_NAME> musuh Ulama #Boikot<PROVIDER_NAME> <URL>,provider musuh ulama boikotprovider,provider musuh ulama boikotprovider
55,negative,RT <USER_MENTION>: sudah lama gak pakai <PROVIDER_NAME>,lama gak pakai provider,lama gak pakai provider
56,negative,Saya gak benci tapi kelakuan <USER_MENTION> yang bikin #Boikot<PROVIDER_NAME>  Pendukung #PKI coba kamu lihat iklan <PROVIDER_NAME> ada gambar palu arit,gak benci laku bikin boikotprovider dukung pki coba kamu lihat iklan provider gambar palu arit,gak benci laku bikin boikotprovider dukung pki coba kamu lihat iklan provider gambar palu arit
57,negative,RT <USER_MENTION>: <USER_MENTION> HT Nya #PuasPake<PROVIDER_NAME> Noh. aku pakek <PROVIDER_NAME> Gimana thu..…,ht nya puaspakeprovider noh aku pakek provider gimana thu,ht nya puaspakeprovider noh aku pakek provider gimana thu
58,negative,"<PROVIDER_NAME> bisa gak sih kuota 4G digabung saja sama 3G, sayang gak terpakai mubazir... Mubazir itu temennya setan lho!! <PROVIDER_NAME> ",provider gak sih kuota g gabung sama g sayang gak pakai mubazir mubazir temennya setan lho provider,provider gak sih kuota gabung sama sayang gak pakai mubazir mubazir temennya setan lho provider
59,positive,"Rejeki pejet2.., semoga ke depan dapat samsung J5..#<PRODUCT_NAME> <PROVIDER_NAME> Medan, Indonesia <URL>",rejeki jet moga depan samsung j produk provider medan indonesia,rejeki jet moga depan samsung produk provider medan indonesia
60,positive,Asik juga kencang begini ? <PROVIDER_NAME> <URL>,asik kencang begini provider,asik kencang begini provider
61,negative,Buat apa beli paket 4G jika jaringan internetnya masih Edge <PROVIDER_NAME> <PROVIDER_NAME>,buat apa beli paket g jaring internetnya edge provider provider,buat apa beli paket jaring internetnya edge provider provider
62,negative,Bagaimana ini <PROVIDER_NAME> 4G tapi lemot,bagaimana provider g lot,bagaimana provider lot
63,negative,Nelepon ke sesama <PROVIDER_NAME> pulsa 20.000 cuma cukup buat 23 menit? <PROVIDER_NAME> BANGSAT..............<PROVIDER_NAME>…<URL>,nelepon sama provider pulsa cuma cukup buat menit provider bangsat provider,nelepon sama provider pulsa cuma cukup buat menit provider bangsat provider
64,negative,Signal 4G <PROVIDER_NAME> bekasi kenapa? Gak bisa internetan sama sekali dari tadi subuh,signal g provider bekas gak internetan sama sekali tadi subuh,signal provider bekas gak internetan sama sekali tadi subuh
65,negative,<PROVIDER_NAME> tarif Internet Super Kuota naik lagi. Negara lain internet makin murah kok <PROVIDER_NAME> makin mahal? ,provider tarif internet super kuota naik negara internet makin murah kok provider makin mahal,provider tarif internet super kuota naik negara internet makin murah kok provider makin mahal
66,negative,JARINGAN <PROVIDER_NAME> tidak ada SINYAL untuk wilayah Sindangkasih - ciamis <PROVIDER_NAME> ,jaring provider ada sinyal wilayah sindangkasih ciamis provider,jaring provider ada sinyal wilayah sindangkasih ciamis provider
67,positive,<PROVIDER_NAME> terimakasih <PROVIDER_NAME> akhirnya menang pointastic deal dari <PROVIDER_NAME> #PointasticDeal <PROVIDER_NAME> <URL>,provider terimakasih provider akhir menang pointastic deal provider pointasticdeal provider,provider terimakasih provider akhir menang pointastic deal provider pointasticdeal provider
68,negative,"<PROVIDER_NAME> kalo bukan karena nomer sudah lama, pasti sudah dibuang saja dari dulu. <PROVIDER_NAME>",provider kalo bukan nomer lama sudah buang dari dulu provider,provider kalo bukan nomer lama sudah buang dari dulu provider
69,negative,<PROVIDER_NAME> jadi yang dizalimi bukan cuma saya ya? <PROVIDER_NAME> <URL>,provider jadi zalim bukan cuma ya provider,provider jadi zalim bukan cuma ya provider
70,positive,mantap ini. #4g #LTE <PROVIDER_NAME> <URL>,mantap g lte provider,mantap lte provider
71,negative,Sinyal jelek! Komplain gak direspon! #Boikot<PROVIDER_NAME> <PROVIDER_NAME> <URL>,sinyal jelek komplain gak direspon boikotprovider provider,sinyal jelek komplain gak direspon boikotprovider provider
72,negative,"Alhamdulillah mulai hari, ini 2 kartu telpon dan 2 kartu internetan kami gak pakai <PROVIDER_NAME> lagi. #Boikot<PROVIDER_NAME>",alhamdulillah mulai hari kartu telpon kartu internetan gak pakai provider boikotprovider,alhamdulillah mulai hari kartu telpon kartu internetan gak pakai provider boikotprovider
73,negative,#Boikot<PROVIDER_NAME> bentuk tekanan masyarakat agar perusahaan publik sekelas <PROVIDER_NAME> lebih berhati-hati ke depannya… <URL>,boikotprovider bentuk tekan masyarakat usaha publik kelas provider lebih hati hati depan,boikotprovider bentuk tekan masyarakat usaha publik kelas provider lebih hati hati depan
74,negative,<USER_MENTION> <USER_MENTION> <PROVIDER_NAME> Alhamdulillah saya gak pakai <PROVIDER_NAME> dari dulu #Boikot<PROVIDER_NAME> ,provider alhamdulillah gak pakai provider dulu boikotprovider,provider alhamdulillah gak pakai provider dulu boikotprovider
75,positive,Saya dulu memimpikan pakai <PROVIDER_NAME>.  Tapi sekarang gak mimpi lagi.  Setia saja sama <PROVIDER_NAME> walau mahal sedikit. Ikutan #Boikot<PROVIDER_NAME>,dulu mimpi pakai provider sekarang gak mimpi setia sama provider mahal sedikit ikut boikotprovider,dulu mimpi pakai provider sekarang gak mimpi setia sama provider mahal sedikit ikut boikotprovider
76,positive,"jauh sebelum ada aksi #Boikot<PROVIDER_NAME> saya tidak pakai <PROVIDER_NAME> lagi,  sebab <PROVIDER_NAME> masih lebih bagus maaf bukan iklan tapi kenyataan",jauh ada aksi boikotprovider tidak pakai provider provider lebih bagus maaf bukan iklan nyata,jauh ada aksi boikotprovider tidak pakai provider provider lebih bagus maaf bukan iklan nyata
77,positive,<PROVIDER_NAME> yang terbaik ini peserta nya… <URL>,provider baik serta nya,provider baik serta nya
78,positive,RT <USER_MENTION>: Teman sehari hari. #<PROVIDER_NAME> <PROVIDER_NAME> #<PROVIDER_NAME> #telecommunications… <URL>,teman hari hari provider provider provider telecommunications,teman hari hari provider provider provider telecommunications
79,negative,<PROVIDER_NAME> jelek banget sinyalnya <PROVIDER_NAME>,provider jelek banget sinyal provider,provider jelek banget sinyal provider
80,positive,"Saya bisa ke Sydney karena program <PROVIDER_NAME> & itu GRATIS! ada 22 Mahasiswa. Belajar dn liburan, kalian para hacker intropeksi sana",bisa sydney program provider gratis mahasiswa ajar dn libur kalian hacker intropeksi sana,bisa sydney program provider gratis mahasiswa ajar dn libur kalian hacker intropeksi sana
81,negative,Internet mahal turunkan harga paket <PROVIDER_NAME> ,internet mahal turun harga paket provider,internet mahal turun harga paket provider
82,positive,Selalu pakai <PROVIDER_NAME> belum pernah pakai <PROVIDER_NAME> dan merasakan <PROVIDER_NAME>lemot Meski <PROVIDER_NAME>mahal tapi dibarengi dengan kualitas,selalu pakai provider pernah pakai provider rasa providerlemot meski providermahal bareng kualitas,selalu pakai provider pernah pakai provider rasa providerlemot meski providermahal bareng kualitas
83,negative,"Webnya <PROVIDER_NAME> dibajak ya?  Cie dibajak. Semoga habis ini paket2, spam2 dan promo2nya makin subur.  <PROVIDER_NAME>",webnya provider bajak cie bajak moga habis paket spam promo nya makin subur provider,webnya provider bajak cie bajak moga habis paket spam promo nya makin subur provider
84,positive,CS <PROVIDER_NAME> <PROVIDER_NAME> emang paling fast response sama keluhan konsumen. Beda dengan operator sebelah! #opinipenjualpulsa,cs provider provider emang paling fast response sama keluh konsumen beda operator belah opinipenjualpulsa,cs provider provider emang paling fast response sama keluh konsumen beda operator belah opinipenjualpulsa
85,positive,"Ini prinsip soalnya <PROVIDER_NAME> lebih murah dari <PROVIDER_NAME>, masalah sinyal disini Alhamdulillah kencang karena di kota besar kok",prinsip soal provider lebih murah provider masalah sinyal sini alhamdulillah kencang di kota besar kok,prinsip soal provider lebih murah provider masalah sinyal sini alhamdulillah kencang di kota besar kok
86,positive,Terbaik Buat <PROVIDER_NAME> <PROVIDER_NAME>,baik buat provider provider,baik buat provider provider
87,positive,Kembali ke paketan <PROVIDER_NAME> <PROVIDER_NAME>,ke paket provider provider,ke paket provider provider
88,positive,<PROVIDER_NAME> Mantap di Sumedang <PROVIDER_NAME> ,provider mantap sumedang provider,provider mantap sumedang provider
89,negative,"<PROVIDER_NAME> semakin kesini semakin mahal, jaringannya 4G tapi lelet, pesan masukku penuh isinya pesan promo yang nyedot pulsa semua <PROVIDER_NAME>",provider makin kesini makin mahal jaring g lelet pesan masuk penuh isi pesan promo nyedot pulsa semua provider,provider makin kesini makin mahal jaring lelet pesan masuk penuh isi pesan promo nyedot pulsa semua provider
90,negative,Tolong dong kensinya di benerin di wilayah keramat jati. Kenapa lemot !!!! <PROVIDER_NAME> <PRODUCT_NAME> <PROVIDER_NAME>,dong kensinya benerin wilayah keramat jati lot provider produk provider,dong kensinya benerin wilayah keramat jati lot provider produk provider
91,negative,"Sinyal kami paling kuat KATANYA. internetku di jakarta lemot parah, 3g aja gak dapat. makin hari makin jadi ini provider <PROVIDER_NAME> <PROVIDER_NAME>",sinyal paling kuat kata internetku jakarta lot parah g aja gak makin hari makin jadi provider provider provider,sinyal paling kuat kata internetku jakarta lot parah aja gak makin hari makin jadi provider provider provider
92,negative,Keamanan <PROVIDER_NAME> dong yang harus ditingkatkan! Bikin rugi pelanggan aja..!! <URL>,aman provider dong harus tingkat bikin rugi langgan aja,aman provider dong harus tingkat bikin rugi langgan aja
93,negative,harga jual & jumlah per rupiah dari kilobyte internet... memang <PROVIDER_NAME> juara mahalnya sih tsel vs <PROVIDER_NAME> <PROVIDER_NAME> ,harga jual jumlah per rupiah kilobyte internet memang provider juara mahal sih tsel vs provider provider,harga jual jumlah per rupiah kilobyte internet memang provider juara mahal sih tsel vs provider provider
94,negative,<PROVIDER_NAME> <PROVIDER_NAME> kenapa jaringan 4g di sembungan bangunjiwo kasihan bantul sudah 3minggu sangat tidak stabil. kuota <PROVIDER_NAME> terbuang,provider provider jaring g sembung bangunjiwo kasihan bantul minggu sangat stabil kuota provider buang,provider provider jaring sembung bangunjiwo kasihan bantul minggu sangat stabil kuota provider buang
95,negative,<PROVIDER_NAME> <PROVIDER_NAME> apakah setelah mendapat banyak customer sekarang 4G di Sembungan Bangunjiwo Jogja jadi gak stabil?,provider provider telah dapat banyak customer sekarang g sembung bangunjiwo jogja jadi gak stabil,provider provider telah dapat banyak customer sekarang sembung bangunjiwo jogja jadi gak stabil
96,negative,Sinyal macam apa ini? Ping game aja segede itu. Sinyalnya seperti tai. <PROVIDER_NAME> ,sinyal macam apa ping game aja gede sinyal tai provider,sinyal macam apa ping game aja gede sinyal tai provider
97,positive,lebih baik <PROVIDER_NAME> ,lebih baik provider,lebih baik provider
98,negative,Malas banget yang 12Gb jadi 6Gb <PROVIDER_NAME> masalahnya harga sama mahalnya - jaringannya sama dan free YouTubenya gak terpakai jamnya hadeh,malas banget gb jadi gb provider masalah harga sama mahal jaring sama free youtubenya gak pakai jam hadeh,malas banget gb jadi gb provider masalah harga sama mahal jaring sama free youtubenya gak pakai jam hadeh
99,positive,Yang gratisan memang menyenangkan <PROVIDER_NAME> <PRODUCT_NAME> <PRODUCT_NAME> #kuotagratis <URL> ,gratis memang senang provider produk produk kuotagratis,gratis memang senang provider produk produk kuotagratis
100,positive,Pindah provider saja kali ya buat internetan #kuning lemot... Dengar dari teman si #biru lebih bagus <PROVIDER_NAME> <PROVIDER_NAME>,pindah provider kali buat internetan kuning lot dengar teman si biru lebih bagus provider provider,pindah provider kali buat internetan kuning lot dengar teman si biru lebih bagus provider provider
101,negative,"tolong lakukan reset di nomor saya  Jaringan lemah, memakan waktu lama untuk open page web #LEMOT #JARINGAN #LTE <PROVIDER_NAME> <PROVIDER_NAME>",laku reset nomor jaring lemah makan waktu lama open page web lot jaring lte provider provider,laku reset nomor jaring lemah makan waktu lama open page web lot jaring lte provider provider
102,positive,<PROVIDER_NAME> <PROVIDER_NAME> yg semakin kekinian bikin keki.,provider provider yg makin kini bikin keki,provider provider yg makin kini bikin keki
103,positive,kecepatan internet di ciwidey segini...  mantap <PROVIDER_NAME> #4glte <USER_MENTION> <URL> …,cepat internet ciwidey gin mantap provider glte,cepat internet ciwidey gin mantap provider glte
104,negative,"Jaringan 4g <PROVIDER_NAME> di cimahi kenapa yah,  kok lambat ?, sudah 4 hari ini.  Tapi kalo di kota bandung lancar jaya.. ",jaring g provider cimahi yah kok lambat hari kalo kota bandung lancar jaya,jaring provider cimahi yah kok lambat hari kalo kota bandung lancar jaya
105,negative,"<PROVIDER_NAME> parah, cuma bisa di 3G <PROVIDER_NAME> <PROVIDER_NAME>",provider parah cuma di g provider provider,provider parah cuma di provider provider
106,negative,<PROVIDER_NAME> Koneksi 4G rasa GPRS <PROVIDER_NAME> ,provider koneksi g rasa gprs provider,provider koneksi rasa gprs provider
107,negative,Kapan nih akses data di kecamatan cisewu kabupaten garut bisa 4G,kapan nih akses data camat cisewu kabupaten garut g,kapan nih akses data camat cisewu kabupaten garut
108,negative,<PROVIDER_NAME> <PROVIDER_NAME>4GLTE <PROVIDER_NAME> #BOGOR #AREA  <URL> … UDAH 3 BULAN TIDAK ADA TANGGAPAN YG JELAS ,provider provider glte provider bogor area udah bulan ada tanggap yg jelas,provider provider glte provider bogor area udah bulan ada tanggap yg jelas
109,negative,"tidak direkomendasikan, baru coba paket <PROVIDER_NAME> mingguan, tes pakai twitter 30menit pulsa terus berkurang, langsung unreg. <PROVIDER_NAME>",rekomendasi baru coba paket provider minggu tes pakai twitter menit pulsa terus kurang langsung unreg provider,rekomendasi baru coba paket provider minggu tes pakai twitter menit pulsa terus kurang langsung unreg provider
110,positive,Nonton gratis dibayarin <PROVIDER_NAME> poin  <PROVIDER_NAME> <PROVIDER_NAME>poin ,nonton gratis dibayarin provider poin provider providerpoin,nonton gratis dibayarin provider poin provider providerpoin
111,positive,"Belum lama pakai <PROVIDER_NAME>, alhamdulillah selalu bermanfaat sinyalnya. #gsm #handphone <PROVIDER_NAME> #Simpati",lama pakai provider alhamdulillah selalu manfaat sinyal gsm handphone provider simpati,lama pakai provider alhamdulillah selalu manfaat sinyal gsm handphone provider simpati
112,positive,Terimakasih <PROVIDER_NAME> <URL> ,terimakasih provider,terimakasih provider
113,positive,Makin mantap saja si <PROVIDER_NAME>. Sekali SMS tarifnya 300. ,makin mantap si provider sekali sms tarif,makin mantap si provider sekali sms tarif
114,positive,"alhamdulillah sudah beres pakai <PROVIDER_NAME> <PROVIDER_NAME>, daripada nunggu konfirmasi <PROVIDER_NAME> yg gak akan pernah datang. #janji… <URL>",alhamdulillah beres pakai provider provider nunggu konfirmasi provider yg gak pernah datang janji,alhamdulillah beres pakai provider provider nunggu konfirmasi provider yg gak pernah datang janji
115,positive,<PROVIDER_NAME> terimakasih <PROVIDER_NAME> akhirnya menang <PRODUCT_NAME> dari <PROVIDER_NAME>  #<PRODUCT_NAME> <PROVIDER_NAME> ,provider terimakasih provider akhir menang produk provider produk provider,provider terimakasih provider akhir menang produk provider produk provider
116,positive,Asik juga kencang begini <PROVIDER_NAME> ,asik kencang begini provider,asik kencang begini provider
117,positive,Terimakasih ya <PROVIDER_NAME> gratis 4Gnya ayo buruan upgrade <PRODUCT_NAME>,terimakasih provider gratis gnya ayo buru upgrade produk,terimakasih provider gratis gnya ayo buru upgrade produk
118,positive,"Upload video 1GB kurang dari 4 menit, memang mantab ini kecepatan <PROVIDER_NAME>",upload video gb kurang menit memang mantab cepat provider,upload video gb kurang menit memang mantab cepat provider
119,positive,Dapat bonus kuota 2GB dan 100 menit nelpon ke semua operator dari <PROVIDER_NAME>  <PROVIDER_NAME> <PRODUCT_NAME> <URL> ,bonus kuota gb menit nelpon semua operator provider provider produk,bonus kuota gb menit nelpon semua operator provider provider produk
120,positive,Kuota masih AMAN <PROVIDER_NAME> #capture #kuotaaman Di Kota Mamuju <URL> ,kuota aman provider capture kuotaaman kota mamuju,kuota aman provider capture kuotaaman kota mamuju
121,positive,Masih ada yang hemat <PROVIDER_NAME>,ada hemat provider,ada hemat provider
122,positive,Pakai paket <PRODUCT_NAME> <PROVIDER_NAME> irit.  <PROVIDER_NAME> <PROVIDER_NAME> <URL> ,pakai paket produk provider irit provider provider,pakai paket produk provider irit provider provider
123,positive,"dibuang sayang karena terlalu setia, lagipula nomernya bagus  <PROVIDER_NAME> <PROVIDER_NAME> <URL> ",buang sayang terlalu setia lagipula nomernya bagus provider provider,buang sayang terlalu setia lagipula nomernya bagus provider provider
124,positive,Baru merasakan segitu besarnya ping.. 36604 ribu lumayanlah buat bukber <PROVIDER_NAME> <PROVIDER_NAME>,baru rasa segitu besar ping ribu lumayan buat bukber provider provider,baru rasa segitu besar ping ribu lumayan buat bukber provider provider
125,positive,Itu yang pada nulis disertai hashtag <PROVIDER_NAME>Lemot hidupnya dimana sih? Saya di Ungaran sini kok pakai <PROVIDER_NAME> lancar2 aja tuh.,yang nulis serta hashtag providerlemot hidup sih di ungar sini kok pakai provider lancar aja tuh,yang nulis serta hashtag providerlemot hidup sih di ungar sini kok pakai provider lancar aja tuh
126,positive,Makanya pakai <PROVIDER_NAME> 60 ribu dapet 9giga. <PROVIDER_NAME> <PROVIDER_NAME>dihack <PROVIDER_NAME> <PROVIDER_NAME>mahal,makanya pakai provider ribu dapet giga provider providerdihack provider providermahal,makanya pakai provider ribu dapet giga provider providerdihack provider providermahal
127,positive,mending pindah ke <PROVIDER_NAME> aja <PROVIDER_NAME>,mending pindah provider aja provider,mending pindah provider aja provider
128,positive,"Saya pakai <PRODUCT_NAME> <PROVIDER_NAME> <PROVIDER_NAME> karena jelas, terjangkau .. pake <PROVIDER_NAME> <PROVIDER_NAME> <PROVIDER_NAME> gak jelas, mahal",pakai produk provider provider jelas jangkau pake provider provider provider gak jelas mahal,pakai produk provider provider jelas jangkau pake provider provider provider gak jelas mahal
129,positive,"Siapa yang mau ditelpon, mumpung ada gratisan nih ...  <PROVIDER_NAME>",siapa mau telpon mumpung gratis nih provider,siapa mau telpon mumpung gratis nih provider
130,positive,Tumben <PROVIDER_NAME> murah hati padaKu #onlyForU Jangan2 semua pelanggan diginikan.,tumben provider murah hati pada onlyforu jangan semua langgan diginikan,tumben provider murah hati pada onlyforu jangan semua langgan diginikan
131,positive,"Canggih nih, nambah hari malah nambah kuotanya . #kuota <PROVIDER_NAME> <PRODUCT_NAME> #4g <URL> ",canggih nih nambah hari malah nambah kuota kuota provider produk g,canggih nih nambah hari malah nambah kuota kuota provider produk
132,positive,<PROVIDER_NAME> PENUH DENGAN BONUS <PROVIDER_NAME> ,provider penuh bonus provider,provider penuh bonus provider
133,positive,"Sinyal <PROVIDER_NAME> hebat, sampai puncak Halimun masih tetap on, mantap ",sinyal provider hebat puncak halimun tetap on mantap,sinyal provider hebat puncak halimun tetap on mantap
134,positive,Nelpon 1.000 Dapat kouta 1gb,nelpon kouta gb,nelpon kouta gb
135,positive,Makin betah aja sama kamu..  :v   #operator  :v <PROVIDER_NAME> ,makin betah aja sama kamu v operator v provider,makin betah aja sama kamu operator provider
136,positive,lumayan ini murah meriah <PROVIDER_NAME> ,lumayan murah riah provider,lumayan murah riah provider
137,positive,"WOW, Saya baru mendapatkan hadiah fantastis dari <PRODUCT_NAME>! <PRODUCT_NAME> membuat semuanya jadi simpel <URL>  <PROVIDER_NAME>",wow baru dapat hadiah fantastis produk produk buat semua jadi simpel provider,wow baru dapat hadiah fantastis produk produk buat semua jadi simpel provider
138,positive,"Cuma Modal Isi Pulsa 10ribu dapet 2GB Gratis dari <PROVIDER_NAME> :v Tumben Lagi baik, semoga Promonya makin murah murah <PROVIDER_NAME> :D . . <PROVIDER_NAME>",cuma modal isi pulsa ribu dapet gb gratis provider v tumben baik moga promonya makin murah murah provider d provider,cuma modal isi pulsa ribu dapet gb gratis provider tumben baik moga promonya makin murah murah provider provider
139,positive,Ajaib min <PROVIDER_NAME> kartu saya bisa diisi pulsa & digunakan kembali.. terimakasih ya <PROVIDER_NAME>,ajaib min provider kartu bisa isi pulsa guna terimakasih provider,ajaib min provider kartu bisa isi pulsa guna terimakasih provider
140,positive,Mantap deh <PROVIDER_NAME>. Cuma isi pulsa 25ribu dapat bonus paket data 3GB. Terimakasih juga <PROVIDER_NAME> atas pelayanannya. <PROVIDER_NAME> #mantapjiwa,mantap deh provider cuma isi pulsa ribu bonus paket data gb terimakasih provider atas layan provider mantapjiwa,mantap deh provider cuma isi pulsa ribu bonus paket data gb terimakasih provider atas layan provider mantapjiwa
141,positive,terimakasih paket data sudah aktif  dan normal. terimakasih <PROVIDER_NAME> cukup puas dengan pelayanannya. <PROVIDER_NAME> <PROVIDER_NAME>,terimakasih paket data aktif normal terimakasih provider cukup puas layan provider provider,terimakasih paket data aktif normal terimakasih provider cukup puas layan provider provider
142,positive,banyak Perusahaan melupakan hal ini & banyak konsumen menghapus pesan tanpa membacanya menyalahkan padahal sudah diingatkan thanks <PROVIDER_NAME> ,banyak usaha lupa ini banyak konsumen hapus pesan baca salah padahal ingat thanks provider,banyak usaha lupa ini banyak konsumen hapus pesan baca salah padahal ingat thanks provider
143,positive,Terima kasih <PROVIDER_NAME> !! <PROVIDER_NAME>,terima kasih provider provider,terima kasih provider provider
144,positive,Hore....<PROVIDER_NAME> Ada sinyal.....thanks <PROVIDER_NAME> .... <PROVIDER_NAME> ,hore provider sinyal thanks provider provider,hore provider sinyal thanks provider provider
145,positive,Alhamdulillah sambil nunggu subuh bisa melihat lantunan Adhan Styles dari Mekah dan Madinah dengan jelas karena paket Internet <PROVIDER_NAME> saya bagus,alhamdulillah nunggu subuh lihat lantun adhan styles mekah madinah jelas paket internet provider bagus,alhamdulillah nunggu subuh lihat lantun adhan styles mekah madinah jelas paket internet provider bagus
146,positive,"Dengan <PROVIDER_NAME> juga bisa lihat youtube selama setahun tanpa kuota, makin keren aja. ",provider bisa lihat youtube lama tahun kuota makin keren aja,provider bisa lihat youtube lama tahun kuota makin keren aja
147,positive,Dengan jaringan 4G super cepat dari <PROVIDER_NAME> smartphone kamu terus terkoneksi dan bisa pantau aktivitas di sosial media :,jaring g super cepat provider smartphone kamu terus koneksi bisa pantau aktivitas sosial media,jaring super cepat provider smartphone kamu terus koneksi bisa pantau aktivitas sosial media
148,positive,Menggunakan medsos harus sebijak mungkin. Apalagi ada fasilitas makin oke kayak FB gratis 30MB & free YouTube/Yonder/Genflix dari <PROVIDER_NAME>,guna medsos bijak mungkin ada fasilitas makin oke kayak fb gratis mb free youtube yonder genflix provider,guna medsos bijak mungkin ada fasilitas makin oke kayak fb gratis mb free youtube yonder genflix provider
149,positive,"pagi itu, menyegarkan mata selain lari2 kecil, bisa juga dengan nikmatin internet, atau nelpon yang super murah, suara jernih pake <PROVIDER_NAME>. gitu!",pagi segar mata lari kecil juga nikmatin internet nelpon super murah suara jernih pake provider gitu,pagi segar mata lari kecil juga nikmatin internet nelpon super murah suara jernih pake provider gitu
150,positive,"Buka puasa sambil streaming di YouTube lancar banget pake <PROVIDER_NAME>, jadi makin setia sama <PROVIDER_NAME>.",buka puasa streaming youtube lancar banget pake provider jadi makin setia sama provider,buka puasa streaming youtube lancar banget pake provider jadi makin setia sama provider
151,positive,Selain jaringan 4G <PROVIDER_NAME> yang sangat luas temanku juga bisa nelpon ke operator lain secara gratis & suaranya juga jernih banget,jaring g provider sangat luas teman bisa nelpon operator cara gratis suara jernih banget,jaring provider sangat luas teman bisa nelpon operator cara gratis suara jernih banget
152,positive,Koneksi internet <PROVIDER_NAME> yg lancar sangat  membantu saya dalam menyelesaikan pekerjaaan di hari Jumat sebelum weekend.,koneksi internet provider yg lancar sangat bantu dalam selesai pekerjaaan hari jumat weekend,koneksi internet provider yg lancar sangat bantu dalam selesai pekerjaaan hari jumat weekend
153,negative,ayo penuhi viralkan keras #Boikot<PROVIDER_NAME>! Nomor sy nomer <PROVIDER_NAME> cantik dr th2007 lgsg sy buang!Jgn main2 dg umat Islam yg brsatu,ayo penuh viralkan keras boikotprovider nomor sy nomer provider cantik dr th lgsg sy buang jgn main dg umat islam yg brsatu,ayo penuh viralkan keras boikotprovider nomor sy nomer provider cantik dr th lgsg sy buang jgn main dg umat islam yg brsatu
154,negative,AYO BUANG KARTU <PROVIDER_NAME> ! #Ruh212 <URL>,ayo buang kartu provider ruh,ayo buang kartu provider ruh
155,negative,"Selama ini saya pake <PROVIDER_NAME>, Insya Allah setelah paket yang sekarang kuotanya habis saya akan ganti operator lain #Boikot<PROVIDER_NAME>",lama pake provider insya allah paket sekarang kuota habis saya akan ganti operator boikotprovider,lama pake provider insya allah paket sekarang kuota habis saya akan ganti operator boikotprovider
156,negative,CEO <PROVIDER_NAME> harus bertanggung jawab. Sudah ada counter perdana HP berhenti jual perdana <PROVIDER_NAME> #Boikot<PROVIDER_NAME>,ceo provider tanggung jawab ada counter perdana hp henti jual perdana provider boikotprovider,ceo provider tanggung jawab ada counter perdana hp henti jual perdana provider boikotprovider
157,negative,Biar jadi pelajaran buat yang lain... Saya tidak akan pernah pakai produk <PROVIDER_NAME>!!! #Boikot<PROVIDER_NAME>,biar jadi ajar buat lain tidak pernah pakai produk provider boikotprovider,biar jadi ajar buat lain tidak pernah pakai produk provider boikotprovider
158,negative,"kenapa pada boikot <PROVIDER_NAME> ya #Boikot<PROVIDER_NAME> mungkin karena sering nyedot pulsa ga tau dipake apa, sms 1 bayar 1000 cuma buat bonus maksa",pada boikot provider boikotprovider mungkin sering nyedot pulsa ga tau dipake apa sms bayar cuma buat bonus maksa,pada boikot provider boikotprovider mungkin sering nyedot pulsa ga tau dipake apa sms bayar cuma buat bonus maksa
159,positive,Lumayan #Speedtest Jaringan 4G/LTE <PROVIDER_NAME> Area Tarogong #Garut cukup memuaskan <PROVIDER_NAME> <URL>,lumayan speedtest jaring g lte provider area tarogong garut cukup muas provider,lumayan speedtest jaring lte provider area tarogong garut cukup muas provider
160,negative,Uji kecepatan <PRODUCT_NAME> #opensignal-ku di <PROVIDER_NAME> 3G <PROVIDER_NAME> disini jelek,uji cepat produk opensignal ku provider g provider sini jelek,uji cepat produk opensignal ku provider provider sini jelek
161,negative,Tolong di urus segera saya ga mau bayar data yang saya ga dapet datanya <PROVIDER_NAME> <PROVIDER_NAME>,di urus segera ga mau bayar data saya ga dapet data provider provider,di urus segera ga mau bayar data saya ga dapet data provider provider
162,positive,Nonton gratis dibayarin <PROVIDER_NAME> poin  <PROVIDER_NAME> <PROVIDER_NAME>poin #passengers…,nonton gratis dibayarin provider poin provider providerpoin passengers,nonton gratis dibayarin provider poin provider providerpoin passengers
163,positive,Makasih ya <PROVIDER_NAME> gratis 4Gnya ayo buruan upgrade <PRODUCT_NAME> mu,makasih provider gratis gnya ayo buru upgrade produk mu,makasih provider gratis gnya ayo buru upgrade produk mu
164,positive,Makan malam gratis hari ini hasil tuker <PROVIDER_NAME> Poin  #7eleven #sevel <PROVIDER_NAME>… <URL>,makan malam gratis hari hasil tuker provider poin eleven sevel provider,makan malam gratis hari hasil tuker provider poin eleven sevel provider
165,negative,"Mohon di up jaringan 4G di wilayah Morowali, sangat buruk..  <PROVIDER_NAME> <PROVIDER_NAME>",mohon up jaring g wilayah morowali sangat buruk provider provider,mohon up jaring wilayah morowali sangat buruk provider provider
166,negative,Jaringan <PROVIDER_NAME> di Waru Atas arae Site WKP tidak dapat digunakan untuk telpon mohon cek Team <PROVIDER_NAME> ,jaring provider waru atas arae site wkp dapat guna telpon mohon cek team provider,jaring provider waru atas arae site wkp dapat guna telpon mohon cek team provider
167,negative,Semakin hari kualitas dan pelayanannya semakin buruk. Selama 5 bulan melakukan pelaporan namun tidak ada tindakan perbaikan. <PROVIDER_NAME>,makin hari kualitas layan makin buruk lama bulan laku lapor tidak tindak baik provider,makin hari kualitas layan makin buruk lama bulan laku lapor tidak tindak baik provider
168,negative,<PROVIDER_NAME> tolong jaringan di MUARA KAMAN diperbaiki... BBM aja ga bisa ngakses...menyambungkan melulu... sudah 3 minggu lebih,provider jaring muara kam baik bbm aja ga ngakses sambung melulu minggu lebih,provider jaring muara kam baik bbm aja ga ngakses sambung melulu minggu lebih
169,negative,Uji kecepatan NYATA  di <PROVIDER_NAME> 3G <PROVIDER_NAME> disini jelek,uji cepat nyata provider g provider sini jelek,uji cepat nyata provider provider sini jelek
170,negative,Tolong diurus segera saya ga mau bayar data yang saya ga dapat datanya <PROVIDER_NAME> <PROVIDER_NAME>,urus segera ga mau bayar data saya ga data provider provider,urus segera ga mau bayar data saya ga data provider provider
171,positive,Lumayan #Speedtest Jaringan 4G/LTE <PROVIDER_NAME> Area Tarogong #Garut cukup memuaskan <PROVIDER_NAME> <URL> ,lumayan speedtest jaring g lte provider area tarogong garut cukup muas provider,lumayan speedtest jaring lte provider area tarogong garut cukup muas provider
172,positive,Terimakasih ya <PROVIDER_NAME> gratis 4Gnya ayo buruan upgrade <PRODUCT_NAME>,terimakasih provider gratis gnya ayo buru upgrade produk,terimakasih provider gratis gnya ayo buru upgrade produk
173,positive,Makan malam gratis hari ini hasil tukar <PROVIDER_NAME> Poin   <PROVIDER_NAME>… <URL>,makan malam gratis hari hasil tukar provider poin provider,makan malam gratis hari hasil tukar provider poin provider
174,negative,ayo viralkan keras #Boikot<PROVIDER_NAME>! Nomor saya nomer <PROVIDER_NAME> cantik dari tahun 2007 saya buang! Jangan main2 dengan umat Islam yang brsatu,ayo viralkan keras boikotprovider nomor nomer provider cantik tahun buang jangan main umat islam brsatu,ayo viralkan keras boikotprovider nomor nomer provider cantik tahun buang jangan main umat islam brsatu
175,negative,AYO BUANG KARTU <PROVIDER_NAME> ! #Ruh212 ,ayo buang kartu provider ruh,ayo buang kartu provider ruh
176,negative,"Selama ini saya pakai <PROVIDER_NAME>, Insya Allah setelah paket yang sekarang kuotanya habis saya akan ganti operator lain #Boikot<PROVIDER_NAME> ",lama pakai provider insya allah paket sekarang kuota habis saya akan ganti operator boikotprovider,lama pakai provider insya allah paket sekarang kuota habis saya akan ganti operator boikotprovider
177,negative,"kenapa pada boikot <PROVIDER_NAME> ya #Boikot<PROVIDER_NAME> mungkin karena sering menyedot pulsa ga tau dipake apa, sms 1 bayar 1000 cuma buat bonus maksa",pada boikot provider boikotprovider mungkin sering sedot pulsa ga tau dipake apa sms bayar cuma buat bonus maksa,pada boikot provider boikotprovider mungkin sering sedot pulsa ga tau dipake apa sms bayar cuma buat bonus maksa
178,positive,"Buka puasa sambil streaming di YouTube lancar banget pakai <PROVIDER_NAME>, jadi makin setia sama <PROVIDER_NAME>.",buka puasa streaming youtube lancar banget pakai provider jadi makin setia sama provider,buka puasa streaming youtube lancar banget pakai provider jadi makin setia sama provider
179,positive,Koneksi internet <PROVIDER_NAME> yang lancar sangat  membantu saya dalam menyelesaikan pekerjaaan di hari Jumat sebelum weekend.,koneksi internet provider lancar sangat bantu dalam selesai pekerjaaan hari jumat weekend,koneksi internet provider lancar sangat bantu dalam selesai pekerjaaan hari jumat weekend
180,negative,<PROVIDER_NAME> kamu kenapa sinyalnya php <PROVIDER_NAME>,provider kamu sinyal php provider,provider kamu sinyal php provider
181,negative,Koneksi internet yang sangat menjengkelkan. <PROVIDER_NAME>  #lemot ,koneksi internet sangat jengkel provider lot,koneksi internet sangat jengkel provider lot
182,positive,"<PROVIDER_NAME> Nelpon lebih murah pake JS, kurang dari Rp1/detik. <PROVIDER_NAME> <PRODUCT_NAME> <PRODUCT_NAME>",provider nelpon lebih murah pake js kurang rp detik provider produk produk,provider nelpon lebih murah pake js kurang rp detik provider produk produk
183,positive,"Terima kasih PT <PROVIDER_NAME> , kiriman GRATIS <PROVIDER_NAME> Home-nya sudah tiba.",terima kasih pt provider kirim gratis provider home nya tiba,terima kasih pt provider kirim gratis provider home nya tiba
184,positive,Kualitas sinyal 4G <PROVIDER_NAME> ikut melengkapi meriahnya festival tersebut. ,kualitas sinyal g provider ikut lengkap riah festival sebut,kualitas sinyal provider ikut lengkap riah festival sebut
185,positive,saya pindah ke <PROVIDER_NAME> yang memang sudah terbukti,pindah provider memang bukti,pindah provider memang bukti
186,negative,Ini sinyal H+ palsu. Seperti H+ rasa edge. <PROVIDER_NAME> <PROVIDER_NAME> ,sinyal h palsu h rasa edge provider provider,sinyal palsu rasa edge provider provider
187,negative,Pelanggan <PROVIDER_NAME> <PROVIDER_NAME> yg ada di area #Pandeglangkota dirugikan krn jaringan telponnya rusak dan tidak diperbaiki,langgan provider provider yg di area pandeglangkota rugi krn jaring telpon rusak tidak baik,langgan provider provider yg di area pandeglangkota rugi krn jaring telpon rusak tidak baik
188,negative, Hati-hati Tukang Tipu!! <PROVIDER_NAME>,hati hati tukang tipu provider,hati hati tukang tipu provider
189,negative,Sedih. Pakai <PROVIDER_NAME> 4G gak stabil.,sedih pakai provider g gak stabil,sedih pakai provider gak stabil
190,negative,Jarigan <PROVIDER_NAME> lelet. Karena gangguan atau rusak ya,jarigan provider lelet ganggu rusak,jarigan provider lelet ganggu rusak
191,negative,"Daerah Jagakarsa, pakai <PROVIDER_NAME> sinyalnya jelek, yang satu H+ gak dapat 4G, yang satu dapat 4G tapi gak ada sinyal?",daerah jagakarsa pakai provider sinyal jelek satu h gak g satu g gak sinyal,daerah jagakarsa pakai provider sinyal jelek satu gak satu gak sinyal
192,negative,<PROVIDER_NAME> cacat,provider cacat,provider cacat
193,positive,Ini baru #koneksi #internet #4g <PROVIDER_NAME> <URL> ,baru koneksi internet g provider,baru koneksi internet provider
194,positive,<PROVIDER_NAME> BagiBerkah ...gak ada kata susah ..cukup sekali sentuh jadi mudah dan berfaedah,provider bagiberkah gak kata susah cukup sekali sentuh jadi mudah faedah,provider bagiberkah gak kata susah cukup sekali sentuh jadi mudah faedah
195,negative,<PROVIDER_NAME> tumbang di kota Semarang,provider tumbang kota semarang,provider tumbang kota semarang
196,negative,Kuotaku masih banyak internetan aja gak bisa <PROVIDER_NAME> <PROVIDER_NAME>Care <PROVIDER_NAME> ,kuota banyak internetan aja gak provider providercare provider,kuota banyak internetan aja gak provider providercare provider
197,negative,Selalu Lemot <PROVIDER_NAME>,selalu lot provider,selalu lot provider
198,positive,<PROVIDER_NAME> BerbagiBerkah karena berbagi itu menyenangkan apalagi sama orang yang kita sayangi.,provider berbagiberkah bagi senang sama orang kita sayang,provider berbagiberkah bagi senang sama orang kita sayang
199,positive,Santai pakai <PROVIDER_NAME> <PROVIDER_NAME>4G <PROVIDER_NAME>BagiBerkah bisa diandalkan,santai pakai provider provider g providerbagiberkah andal,santai pakai provider provider providerbagiberkah andal
200,positive,banyak yang masih setia memggunakan <PROVIDER_NAME>,banyak masih setia memggunakan provider,banyak masih setia memggunakan provider
201,positive,"Yang saya pengen <PROVIDER_NAME> selangkah lebih maju dari yang lain baik layanan ataupun jaringan 3G atau 4G,",saya ken provider selang lebih maju yang baik layan atau jaring g g,saya ken provider selang lebih maju yang baik layan atau jaring
202,positive,Yuk pakai <PROVIDER_NAME> Rp1 gratis 1GB,yuk pakai provider rp gratis gb,yuk pakai provider rp gratis gb
203,positive,Lebaran tetap pakai <PROVIDER_NAME> yaa #Rp1 gratis 1GB,lebaran tetap pakai provider yaa rp gratis gb,lebaran tetap pakai provider yaa rp gratis gb
204,positive,sinyal 4G <PROVIDER_NAME> dipalembang lancar,sinyal g provider dipalembang lancar,sinyal provider dipalembang lancar
205,positive,Keren di rembang ada sinyal 4G <PROVIDER_NAME>,keren rembang sinyal g provider,keren rembang sinyal provider
206,positive,sinyal <PROVIDER_NAME> kuat banget,sinyal provider kuat banget,sinyal provider kuat banget
207,positive,4G <PROVIDER_NAME> dapat banget disini,g provider banget sini,provider banget sini
208,positive,"Berkat <PROVIDER_NAME> mudiknya jd nyaman,mampir ke posko pun senang..",berkat provider mudik jd nyaman mampir posko senang,berkat provider mudik jd nyaman mampir posko senang
209,positive,Terimakasih <PROVIDER_NAME>,terimakasih provider,terimakasih provider
210,positive,untungnya sudah pakai <PROVIDER_NAME>,untung pakai provider,untung pakai provider
211,positive,Alhamdulillah masih #setia dengan <PROVIDER_NAME>.. terbaik,alhamdulillah setia provider baik,alhamdulillah setia provider baik
212,positive,"<PROVIDER_NAME> memang jauh lebih murah dari <PROVIDER_NAME>, banyak bonusnya lagi",provider memang jauh lebih murah provider banyak bonus,provider memang jauh lebih murah provider banyak bonus
213,negative,RT <USER_MENTION>: Buat <PROVIDER_NAME> setelah kuota habis saya mau ganti provider  ,buat provider kuota habis mau ganti provider,buat provider kuota habis mau ganti provider
214,negative,<PROVIDER_NAME> memang jancok! sinyal payah,provider memang jancok sinyal payah,provider memang jancok sinyal payah
215,negative,saya paling tidak pernah pakai  <PROVIDER_NAME>,paling pernah pakai provider,paling pernah pakai provider
216,negative,RT <USER_MENTION>: Belum ada permintaan maaf dan pernyataan apapun?  Lanjut boikot <PROVIDER_NAME> #Boikot<PROVIDER_NAME> <URL>,ada minta maaf nyata apa lanjut boikot provider boikotprovider,ada minta maaf nyata apa lanjut boikot provider boikotprovider
217,negative,<PROVIDER_NAME> masa kuota malam saya sudah habis duluan? Logikanya dimana? <URL>,provider masa kuota malam sudah habis duluan logika,provider masa kuota malam sudah habis duluan logika
218,negative,"RT <USER_MENTION>: <PROVIDER_NAME> ini <PROVIDER_NAME> di sini jaringan 4G nya penuh, cuma ga mau konek ke internet...",provider provider sini jaring g nya penuh cuma ga mau konek internet,provider provider sini jaring nya penuh cuma ga mau konek internet
219,positive,Sinyal 4g nya stabil nih. mantap <PROVIDER_NAME> <URL>,sinyal g nya stabil nih mantap provider,sinyal nya stabil nih mantap provider
220,negative,"Fungsinya data lokal, 4G sama Flash apa? Toh mau 4G atau 3G yang terpakai duluan data lokalnya. mahal lagi. <PROVIDER_NAME>",fungsi data lokal g sama flash apa mau g g pakai duluan data lokal mahal provider,fungsi data lokal sama flash apa mau pakai duluan data lokal mahal provider
221,positive,"Hore, dapat makan malam gratis hari ini karena <PROVIDER_NAME> Poin  #7eleven #sevel <PROVIDER_NAME>… <URL>",hore makan malam gratis hari karena provider poin eleven sevel provider,hore makan malam gratis hari karena provider poin eleven sevel provider
222,negative,"Wajar saja <PROVIDER_NAME> dihack, harga mahal banget dan koneksi lambat lagi <PROVIDER_NAME>mahal <PROVIDER_NAME> ",wajar provider dihack harga mahal banget koneksi lambat providermahal provider,wajar provider dihack harga mahal banget koneksi lambat providermahal provider
223,positive,*ganti* paket <PROVIDER_NAME>  5Gb langsung lancar dan #TransaksiNormal,ganti paket provider gb langsung lancar transaksinormal,ganti paket provider gb langsung lancar transaksinormal
224,negative,Selalu saja ada masalah #Indonesia <PROVIDER_NAME> #konsumen <USER_MENTION>,selalu ada masalah indonesia provider konsumen,selalu ada masalah indonesia provider konsumen
225,positive,Alhamdulillah gratisan youtube dari <PROVIDER_NAME> pada bulan Ramadhan ini berfaedah sekali.,alhamdulillah gratis youtube provider bulan ramadhan faedah sekali,alhamdulillah gratis youtube provider bulan ramadhan faedah sekali
226,negative,<PROVIDER_NAME> KENAPA. sinyal hilang mulu,provider sinyal hilang mulu,provider sinyal hilang mulu
227,negative,Data yang sama sekali tidak ada manfaatnya.  <PROVIDER_NAME> <URL> …,data sama sekali ada manfaat provider,data sama sekali ada manfaat provider
228,negative,<PROVIDER_NAME> goblok banget sih sekarang <PROVIDER_NAME> #jadimurahan ,provider goblok banget sih sekarang provider jadimurahan,provider goblok banget sih sekarang provider jadimurahan
229,negative,Padahal udah settingan 3G tapi kenapa kuota 3G tidak bisa dipakai malah menguras pulsa yaa? #Tanya <PROVIDER_NAME>,padahal udah settingan g kenapa kuota g bisa pakai malah uras pulsa yaa tanya provider,padahal udah settingan kenapa kuota bisa pakai malah uras pulsa yaa tanya provider
230,negative,Sudah mahal sinyalnya jelek lagi... <PROVIDER_NAME> bangsat anjing...,mahal sinyal jelek provider bangsat anjing,mahal sinyal jelek provider bangsat anjing
231,negative,Jeleknya jaringan internet. <PROVIDER_NAME>,jelek jaring internet provider,jelek jaring internet provider
232,negative,Cuma di area Pandeglang kota.. jaringan <PROVIDER_NAME> buruk jelek. Kejadian ini sudah berlangsung sebulan lamanya. <PROVIDER_NAME>Care <PROVIDER_NAME>payah <PROVIDER_NAME> harus dihack,cuma area pandeglang kota jaring provider buruk jelek jadi sudah langsung bulan lama providercare providerpayah provider dihack,cuma area pandeglang kota jaring provider buruk jelek jadi sudah langsung bulan lama providercare providerpayah provider dihack
233,negative,"benar2 kacau. Baru isi kuota, datanya langsung habis. <PROVIDER_NAME> ",benar kacau baru isi kuota data langsung habis provider,benar kacau baru isi kuota data langsung habis provider
234,positive,<PROVIDER_NAME> ayo kamu bisa,provider ayo kamu,provider ayo kamu
235,positive,Mending ngopi nyantai sambil dengar musik klasik di youtube gratis dari jaringan <PROVIDER_NAME> yang keren,mending ngopi nyantai dengar musik klasik youtube gratis jaring provider keren,mending ngopi nyantai dengar musik klasik youtube gratis jaring provider keren
236,positive,ada banyak fitur  dari Kartu Perdana <PROVIDER_NAME> yg udah 4.5G <PROVIDER_NAME>Youtube1tahun <PROVIDER_NAME>_Jabo <USER_MENTION>,banyak fitur kartu perdana provider yg udah g provideryoutube tahun provider jabo,banyak fitur kartu perdana provider yg udah provideryoutube tahun provider jabo
237,positive,"Hari minggu masuk kerja tapi gak ada yang dikerjain, ujung2nya mencari lapak terus rebahan sambil denger musik di youtube. <PROVIDER_NAME> top deh",hari minggu masuk kerja gak yang dikerjain ujung nya cari lapak terus rebah denger musik youtube provider top deh,hari minggu masuk kerja gak yang dikerjain ujung nya cari lapak terus rebah denger musik youtube provider top deh
238,positive,Sekarang enak belanja online. Sinyal kuat dan kencang pakai <PROVIDER_NAME>. ,sekarang enak belanja online sinyal kuat kencang pakai provider,sekarang enak belanja online sinyal kuat kencang pakai provider
239,positive,Mantap! Paket <PRODUCT_NAME> dari <PROVIDER_NAME> bikin mupeng. Banyak <PRODUCT_NAME>nya! ,mantap paket produk provider bikin mupeng banyak produk,mantap paket produk provider bikin mupeng banyak produk
240,positive,Selain bonus THR dapat bonus dari <PROVIDER_NAME> yang begini nih yang bikin hati senang juga.. ,bonus thr bonus provider begini nih bikin hati senang,bonus thr bonus provider begini nih bikin hati senang
241,positive,"Pagi ini saya sahur di Purwakarta, dan disini sinyal <PROVIDER_NAME> nya bagus banget",pagi saya sahur purwakarta sini sinyal provider nya bagus banget,pagi saya sahur purwakarta sini sinyal provider nya bagus banget
242,positive,"Astaga udah sore aja. Keasyikan main hape. Sinyal lancar, hebat emang <PROVIDER_NAME>",astaga udah sore aja asyik main hape sinyal lancar hebat emang provider,astaga udah sore aja asyik main hape sinyal lancar hebat emang provider
243,positive,"Kadang, saya juga cari referensi di youtube yang merupakan gudang informasi keren. <PROVIDER_NAME> youtube an tanpa kuota bisa streaming lancar",kadang juga cari referensi youtube rupa gudang informasi keren provider youtube an kuota streaming lancar,kadang juga cari referensi youtube rupa gudang informasi keren provider youtube an kuota streaming lancar
244,positive,belajar mengedit video di youtube jadi enak dan cepat paham kalo jaringan <PROVIDER_NAME> lancar dan kencang begini.,ajar edit video youtube jadi enak cepat paham kalo jaring provider lancar kencang begini,ajar edit video youtube jadi enak cepat paham kalo jaring provider lancar kencang begini
245,positive,"Tethering pakai kartu <PROVIDER_NAME> sinyalnya kencang badai, apalagi kalau lagi browsing"" mencari bahan artikel. Dijamin lancar.",tethering pakai kartu provider sinyal kencang badai kalau browsing cari bahan artikel jamin lancar,tethering pakai kartu provider sinyal kencang badai kalau browsing cari bahan artikel jamin lancar
246,negative,Saya tidak akan pernah pakai produk <PROVIDER_NAME>!!! boikot <PROVIDER_NAME> #Boikot<PROVIDER_NAME>,tidak pernah pakai produk provider boikot provider boikotprovider,tidak pernah pakai produk provider boikot provider boikotprovider
247,negative,Ayo yang masih pakai kartu <PROVIDER_NAME> Segera buang ke Got ya,ayo masih pakai kartu provider segera buang got,ayo masih pakai kartu provider segera buang got
248,negative,#Boikot<PROVIDER_NAME>..saatnya hijrah ke ..selamat tinggal <PROVIDER_NAME>..,boikotprovider saat hijrah selamat tinggal provider,boikotprovider saat hijrah selamat tinggal provider
249,positive,Alhamdulillah Kuota <PROVIDER_NAME> banyak yang murah,alhamdulillah kuota provider banyak murah,alhamdulillah kuota provider banyak murah
250,negative,"Sudah tarifnya paling mahal, ditambah jaringan yang semakin hari semakin susah! <PROVIDER_NAME> mengesalkan banget ",tarif paling mahal tambah jaring makin hari makin susah provider kesal banget,tarif paling mahal tambah jaring makin hari makin susah provider kesal banget
251,negative,"<PROVIDER_NAME> Pulsanya masih ada, TM masih banyak, mau nelpon ke sesama simpati katanya pulsa gak cukup, kampret ini <PROVIDER_NAME> ",provider pulsa ada tm banyak mau nelpon sama simpati kata pulsa gak cukup kampret provider,provider pulsa ada tm banyak mau nelpon sama simpati kata pulsa gak cukup kampret provider
252,positive,Tiba-tiba ada sinyal 4g di rumahku.  Biasanya gak ada.. lancar juga. <PROVIDER_NAME>,tiba tiba sinyal g rumah biasa gak lancar provider,tiba tiba sinyal rumah biasa gak lancar provider
253,negative,"Tadinya berharap paling bagus untuk kerja online,Ternyata internetnya tidak seSimpati namanya <PROVIDER_NAME> <URL>",tadi harap paling bagus kerja online nyata internetnya simpat nama provider,tadi harap paling bagus kerja online nyata internetnya simpat nama provider
254,negative,Jaringan internet <PROVIDER_NAME> di sumba timur parah....,jaring internet provider sumba timur parah,jaring internet provider sumba timur parah
255,negative,Kualitas jaringan <PROVIDER_NAME> sangat menurun di wilayah Sukabumi.,kualitas jaring provider sangat turun wilayah sukabumi,kualitas jaring provider sangat turun wilayah sukabumi
256,negative,Ternyata tidak cuma saya yang mengeluh karena sinyal atau pelayanan <PROVIDER_NAME> dalam jaringan internet masih kurang,nyata cuma yang keluh sinyal layan provider jaring internet kurang,nyata cuma yang keluh sinyal layan provider jaring internet kurang
257,negative,"Sudah tengah malam, jaringan kok masih super lelet <PROVIDER_NAME> gak berkualitas",tengah malam jaring kok super lelet provider gak kualitas,tengah malam jaring kok super lelet provider gak kualitas
258,negative,Sinyal <PROVIDER_NAME> yang sangat menyedihkan,sinyal provider sangat sedih,sinyal provider sangat sedih
259,negative,<PROVIDER_NAME> makin bangsat kalau dibiarin,provider makin bangsat kalau dibiarin,provider makin bangsat kalau dibiarin
260,negative,<PROVIDER_NAME> memang bangsat gemas duh,provider memang bangsat gemas duh,provider memang bangsat gemas duh
261,negative,Signal <PROVIDER_NAME> Mentari makin lama makin memprihatinkan. Saatnya memikirkan untuk ganti kartu. Kecewa <PROVIDER_NAME>,signal provider mentari makin lama makin prihatin saat pikir ganti kartu kecewa provider,signal provider mentari makin lama makin prihatin saat pikir ganti kartu kecewa provider
262,negative,<PROVIDER_NAME> apakah <PROVIDER_NAME> lagi gangguan di daerah kramat jati? Sumpah sudah lelet banget padahal sudah 4g ,provider provider ganggu daerah kramat jati sumpah lelet banget padahal g,provider provider ganggu daerah kramat jati sumpah lelet banget padahal
263,negative,"<PROVIDER_NAME> kenapa <PROVIDER_NAME> super lelet? 4g tp kecepatan 0,1 1 kb/s. gangguan atau gimana sih? ",provider provider super lelet g tp cepat kb s ganggu gimana sih,provider provider super lelet tp cepat kb ganggu gimana sih
264,negative,tai <PROVIDER_NAME>,tai provider,tai provider
265,negative,"Ya allah. Kalau hujan sinyal <PROVIDER_NAME> kaya lagunya Kotak ""Pelan Pelan Saja""",allah kalau hujan sinyal provider kaya lagu kotak pelan pelan,allah kalau hujan sinyal provider kaya lagu kotak pelan pelan
266,negative,bikin kelar <PROVIDER_NAME> ,bikin kelar provider,bikin kelar provider
267,negative,<PROVIDER_NAME> Hooq sangat tidak bermanfaat. Beli kuota bisa menonton di youtube gak perlu Hooq #rugi <PRODUCT_NAME> #kuota <PROVIDER_NAME> ,provider hooq sangat manfaat beli kuota tonton youtube gak perlu hooq rugi produk kuota provider,provider hooq sangat manfaat beli kuota tonton youtube gak perlu hooq rugi produk kuota provider
268,negative,<PROVIDER_NAME>  Di daerahku udah 3 hari  trouble mulu,provider daerah udah hari trouble mulu,provider daerah udah hari trouble mulu
269,negative,"sisa 2 hari kuota <PROVIDER_NAME> <PROVIDER_NAME> tapi sudah dibilang habis, gimana ini!",sisa hari kuota provider provider sudah bilang habis gimana,sisa hari kuota provider provider sudah bilang habis gimana
270,negative,Jaringan simpati anjir banget akhir2 ini. <PROVIDER_NAME>,jaring simpati anjir banget akhir provider,jaring simpati anjir banget akhir provider
271,negative,Dan terjadi lagi <PROVIDER_NAME> tai,jadi provider tai,jadi provider tai
272,positive,Untung pakai <PROVIDER_NAME> walaupun jauh dari rumah tapi Alhamdulillah semua urusan beres.,untung pakai provider walaupun jauh rumah alhamdulillah semua urus beres,untung pakai provider walaupun jauh rumah alhamdulillah semua urus beres
273,negative,jaringan <PROVIDER_NAME> flash untuk daerah aceh singkil kok gak stabil <PROVIDER_NAME>,jaring provider flash daerah aceh singkil kok gak stabil provider,jaring provider flash daerah aceh singkil kok gak stabil provider
274,negative,<PROVIDER_NAME> tarif mahal dengan sinyal parah.,provider tarif mahal sinyal parah,provider tarif mahal sinyal parah
275,negative,"Jadi, sudah seminggu ini saya digangguin sama bunyi SMS dari <PROVIDER_NAME>. Ada promo, katanya.… <URL> ",jadi minggu saya digangguin sama bunyi sms provider promo kata,jadi minggu saya digangguin sama bunyi sms provider promo kata
276,negative,Oh jariangan kenapa <PROVIDER_NAME>,jariangan provider,jariangan provider
277,negative,Tiap jam 12 malam ke atas hancur koneksinya <PROVIDER_NAME>,tiap jam malam atas hancur koneksi provider,tiap jam malam atas hancur koneksi provider
278,negative,Sedih saya kalau beli paket internet <PROVIDER_NAME>,sedih kalau beli paket internet provider,sedih kalau beli paket internet provider
279,positive,Hobi ngecek <PRODUCT_NAME> kali aja ada promo kuota internet buat penguna setia <PROVIDER_NAME> ternyata ada. Alhamdulillah rejeki anak biasa,hobi ngecek produk kali aja promo kuota internet buat penguna setia provider nyata alhamdulillah rejeki anak biasa,hobi ngecek produk kali aja promo kuota internet buat penguna setia provider nyata alhamdulillah rejeki anak biasa
280,negative,<PROVIDER_NAME> setelah dihack malah tambah mahal,provider dihack malah tambah mahal,provider dihack malah tambah mahal
281,negative,Jaringan lelet <PROVIDER_NAME>,jaring lelet provider,jaring lelet provider
282,negative,<PROVIDER_NAME> lagi gangguan ya??,provider ganggu,provider ganggu
283,negative,<PROVIDER_NAME> hancur jaringannya,provider hancur jaring,provider hancur jaring
284,negative,Setiap isi pulsa belum dipakai pasti hilang mohon pejelasannya buat <PROVIDER_NAME>,isi pulsa pakai hilang mohon jelas buat provider,isi pulsa pakai hilang mohon jelas buat provider
285,negative,<PROVIDER_NAME> memang bikin sebal ,provider memang bikin sebal,provider memang bikin sebal
286,negative,4G LTE <PROVIDER_NAME> sedang bermasalah,g lte provider sedang masalah,lte provider sedang masalah
287,negative,<PROVIDER_NAME> luar biasa parah 2 hari cuma buang2 kuota... payah <PROVIDER_NAME> <PROVIDER_NAME> <PROVIDER_NAME>,provider luar biasa parah hari cuma buang kuota payah provider provider provider,provider luar biasa parah hari cuma buang kuota payah provider provider provider
288,positive,koneksinya makin lancar pakai <PROVIDER_NAME> ,koneksi makin lancar pakai provider,koneksi makin lancar pakai provider
289,positive,pakai sinyal <PROVIDER_NAME> lancar. <PROVIDER_NAME> memang yess!! ,pakai sinyal provider lancar provider memang yess,pakai sinyal provider lancar provider memang yess
290,positive,"Data-data kerja jadi lebih cepat dicari kalau internetnya pakai <PROVIDER_NAME>,",data data kerja jadi lebih cepat cari kalau internetnya pakai provider,data data kerja jadi lebih cepat cari kalau internetnya pakai provider
291,positive,"<PROVIDER_NAME> memang juara, dari tadi nonton Youtube kuota masih full aja XD",provider memang juara tadi nonton youtube kuota full aja xd,provider memang juara tadi nonton youtube kuota full aja xd
292,positive,Kenikmatan yang bisa didapatkan saat menjadi pengguna <PROVIDER_NAME> adalah menonton youtube gratis selama setahun,nikmat bisa dapat jadi guna provider tonton youtube gratis lama tahun,nikmat bisa dapat jadi guna provider tonton youtube gratis lama tahun
293,positive,Upload file yang besar juga sangat mudah dengan <PROVIDER_NAME>. Karena jaringan internetnya sangat cepat. Alhamdulillah,upload file besar sangat mudah provider jaring internetnya sangat cepat alhamdulillah,upload file besar sangat mudah provider jaring internetnya sangat cepat alhamdulillah
294,positive,"Untungnya pake <PROVIDER_NAME>, pekerjaan gua lancar :))",untung pake provider kerja gua lancar,untung pake provider kerja gua lancar
295,positive,Siang ini nyoba bonus telpon pakai kartu <PROVIDER_NAME> baru. Aman lancar jaya suaranya meski cuaca hujan.,siang nyoba bonus telpon pakai kartu provider baru aman lancar jaya suara meski cuaca hujan,siang nyoba bonus telpon pakai kartu provider baru aman lancar jaya suara meski cuaca hujan
296,positive,"Pantesan lancar ya, sinyal <PROVIDER_NAME> yang 4G lancar sekali di lombok timur",pantesan lancar sinyal provider g lancar sekali lombok timur,pantesan lancar sinyal provider lancar sekali lombok timur
297,positive,Alhamdulillah lancar pakai <PROVIDER_NAME>,alhamdulillah lancar pakai provider,alhamdulillah lancar pakai provider
298,positive,"Untung pakai internet <PROVIDER_NAME>, lancar, jadi dapat banyak ide.",untung pakai internet provider lancar jadi banyak ide,untung pakai internet provider lancar jadi banyak ide
299,positive,"di tempat ramai seperti di lokasi wisata, <PROVIDER_NAME> tetap jaya.",tempat ramai di lokasi wisata provider tetap jaya,tempat ramai di lokasi wisata provider tetap jaya
300,negative,Sinyal <PROVIDER_NAME> amsyong d stadion gajayana,sinyal provider amsyong d stadion gajayana,sinyal provider amsyong stadion gajayana
